product_id,quantity,amount,sale_date
P001,18,2160.0,2026-03-29 14:00:53
P002,14,1330.0,2026-03-29 14:00:53
P003,9,1620.0,2026-03-29 14:00:53
P004,29,1595.0,2026-03-29 14:00:53
P005,40,1120.0,2026-03-29 14:00:53
P006,33,1485.0,2026-03-29 14:00:53
P007,24,1008.0,2026-03-29 14:00:53
P008,12,240.0,2026-03-29 14:00:53
P009,76,760.0,2026-03-29 14:00:53
P010,24,336.0,2026-03-29 14:00:53
P001,16,1920.0,2026-03-30 14:00:53
P002,11,1045.0,2026-03-30 14:00:53
P003,10,1800.0,2026-03-30 14:00:53
P004,29,1595.0,2026-03-30 14:00:53
P005,45,1260.0,2026-03-30 14:00:53
P006,23,1035.0,2026-03-30 14:00:53
P007,20,840.0,2026-03-30 14:00:53
P008,15,300.0,2026-03-30 14:00:53
P009,71,710.0,2026-03-30 14:00:53
P010,39,546.0,2026-03-30 14:00:53
P001,22,2640.0,2026-03-31 14:00:53
P002,18,1710.0,2026-03-31 14:00:53
P003,9,1620.0,2026-03-31 14:00:53
P004,21,1155.0,2026-03-31 14:00:53
P005,34,952.0,2026-03-31 14:00:53
P006,27,1215.0,2026-03-31 14:00:53
P007,19,798.0,2026-03-31 14:00:53
P008,8,160.0,2026-03-31 14:00:53
P009,59,590.0,2026-03-31 14:00:53
P010,30,420.0,2026-03-31 14:00:53
P001,14,1680.0,2026-04-01 14:00:53
P002,14,1330.0,2026-04-01 14:00:53
P003,10,1800.0,2026-04-01 14:00:53
P004,31,1705.0,2026-04-01 14:00:53
P005,53,1484.0,2026-04-01 14:00:53
P006,35,1575.0,2026-04-01 14:00:53
P007,24,1008.0,2026-04-01 14:00:53
P008,12,240.0,2026-04-01 14:00:53
P009,61,610.0,2026-04-01 14:00:53
P010,30,420.0,2026-04-01 14:00:53
P001,23,2760.0,2026-04-02 14:00:53
P002,15,1425.0,2026-04-02 14:00:53
P003,9,1620.0,2026-04-02 14:00:53
P004,23,1265.0,2026-04-02 14:00:53
P005,51,1428.0,2026-04-02 14:00:53
P006,38,1710.0,2026-04-02 14:00:53
P007,25,1050.0,2026-04-02 14:00:53
P008,10,200.0,2026-04-02 14:00:53
P009,65,650.0,2026-04-02 14:00:53
P010,61,854.0,2026-04-02 14:00:53
P001,16,1920.0,2026-04-03 14:00:53
P002,14,1330.0,2026-04-03 14:00:53
P003,11,1980.0,2026-04-03 14:00:53
P004,24,1320.0,2026-04-03 14:00:53
P005,43,1204.0,2026-04-03 14:00:53
P006,16,720.0,2026-04-03 14:00:53
P007,14,588.0,2026-04-03 14:00:53
P008,16,320.0,2026-04-03 14:00:53
P009,54,540.0,2026-04-03 14:00:53
P010,45,630.0,2026-04-03 14:00:53
P001,22,2640.0,2026-04-04 14:00:53
P002,18,1710.0,2026-04-04 14:00:53
P003,9,1620.0,2026-04-04 14:00:53
P004,19,1045.0,2026-04-04 14:00:53
P005,58,1624.0,2026-04-04 14:00:53
P006,31,1395.0,2026-04-04 14:00:53
P007,19,798.0,2026-04-04 14:00:53
P008,11,220.0,2026-04-04 14:00:53
P009,68,680.0,2026-04-04 14:00:53
P010,37,518.0,2026-04-04 14:00:53
P001,18,2160.0,2026-04-05 14:00:53
P002,19,1805.0,2026-04-05 14:00:53
P003,9,1620.0,2026-04-05 14:00:53
P004,34,1870.0,2026-04-05 14:00:53
P005,65,1820.0,2026-04-05 14:00:53
P006,35,1575.0,2026-04-05 14:00:53
P007,20,840.0,2026-04-05 14:00:53
P008,8,160.0,2026-04-05 14:00:53
P009,71,710.0,2026-04-05 14:00:53
P010,49,686.0,2026-04-05 14:00:53
P001,20,2400.0,2026-04-06 14:00:53
P002,10,950.0,2026-04-06 14:00:53
P003,9,1620.0,2026-04-06 14:00:53
P004,27,1485.0,2026-04-06 14:00:53
P005,38,1064.0,2026-04-06 14:00:53
P006,41,1845.0,2026-04-06 14:00:53
P007,30,1260.0,2026-04-06 14:00:53
P008,12,240.0,2026-04-06 14:00:53
P009,91,910.0,2026-04-06 14:00:53
P010,31,434.0,2026-04-06 14:00:53
P001,22,2640.0,2026-04-07 14:00:53
P002,19,1805.0,2026-04-07 14:00:53
P003,7,1260.0,2026-04-07 14:00:53
P004,32,1760.0,2026-04-07 14:00:53
P005,20,560.0,2026-04-07 14:00:53
P006,30,1350.0,2026-04-07 14:00:53
P007,13,546.0,2026-04-07 14:00:53
P008,9,180.0,2026-04-07 14:00:53
P009,67,670.0,2026-04-07 14:00:53
P010,44,616.0,2026-04-07 14:00:53
P001,22,2640.0,2026-04-08 14:00:53
P002,22,2090.0,2026-04-08 14:00:53
P003,7,1260.0,2026-04-08 14:00:53
P004,26,1430.0,2026-04-08 14:00:53
P005,40,1120.0,2026-04-08 14:00:53
P006,31,1395.0,2026-04-08 14:00:53
P007,26,1092.0,2026-04-08 14:00:53
P008,11,220.0,2026-04-08 14:00:53
P009,40,400.0,2026-04-08 14:00:53
P010,49,686.0,2026-04-08 14:00:53
P001,13,1560.0,2026-04-09 14:00:53
P002,16,1520.0,2026-04-09 14:00:53
P003,8,1440.0,2026-04-09 14:00:53
P004,28,1540.0,2026-04-09 14:00:53
P005,54,1512.0,2026-04-09 14:00:53
P006,45,2025.0,2026-04-09 14:00:53
P007,26,1092.0,2026-04-09 14:00:53
P008,9,180.0,2026-04-09 14:00:53
P009,69,690.0,2026-04-09 14:00:53
P010,32,448.0,2026-04-09 14:00:53
P001,19,2280.0,2026-04-10 14:00:53
P002,17,1615.0,2026-04-10 14:00:53
P003,6,1080.0,2026-04-10 14:00:53
P004,27,1485.0,2026-04-10 14:00:53
P005,46,1288.0,2026-04-10 14:00:53
P006,24,1080.0,2026-04-10 14:00:53
P007,23,966.0,2026-04-10 14:00:53
P008,13,260.0,2026-04-10 14:00:53
P009,49,490.0,2026-04-10 14:00:53
P010,30,420.0,2026-04-10 14:00:53
P001,18,2160.0,2026-04-11 14:00:53
P002,13,1235.0,2026-04-11 14:00:53
P003,9,1620.0,2026-04-11 14:00:53
P004,30,1650.0,2026-04-11 14:00:53
P005,41,1148.0,2026-04-11 14:00:53
P006,32,1440.0,2026-04-11 14:00:53
P007,17,714.0,2026-04-11 14:00:53
P008,12,240.0,2026-04-11 14:00:53
P009,57,570.0,2026-04-11 14:00:53
P010,40,560.0,2026-04-11 14:00:53
P001,19,2280.0,2026-04-12 14:00:53
P002,13,1235.0,2026-04-12 14:00:53
P003,9,1620.0,2026-04-12 14:00:53
P004,29,1595.0,2026-04-12 14:00:53
P005,45,1260.0,2026-04-12 14:00:53
P006,30,1350.0,2026-04-12 14:00:53
P007,17,714.0,2026-04-12 14:00:53
P008,8,160.0,2026-04-12 14:00:53
P009,47,470.0,2026-04-12 14:00:53
P010,31,434.0,2026-04-12 14:00:53
P001,24,2880.0,2026-04-13 14:00:53
P002,19,1805.0,2026-04-13 14:00:53
P003,11,1980.0,2026-04-13 14:00:53
P004,25,1375.0,2026-04-13 14:00:53
P005,46,1288.0,2026-04-13 14:00:53
P006,31,1395.0,2026-04-13 14:00:53
P007,21,882.0,2026-04-13 14:00:53
P008,10,200.0,2026-04-13 14:00:53
P009,57,570.0,2026-04-13 14:00:53
P010,35,490.0,2026-04-13 14:00:53
P001,10,1200.0,2026-04-14 14:00:53
P002,14,1330.0,2026-04-14 14:00:53
P003,10,1800.0,2026-04-14 14:00:53
P004,20,1100.0,2026-04-14 14:00:53
P005,49,1372.0,2026-04-14 14:00:53
P006,23,1035.0,2026-04-14 14:00:53
P007,24,1008.0,2026-04-14 14:00:53
P008,10,200.0,2026-04-14 14:00:53
P009,60,600.0,2026-04-14 14:00:53
P010,43,602.0,2026-04-14 14:00:53
P001,21,2520.0,2026-04-15 14:00:53
P002,13,1235.0,2026-04-15 14:00:53
P003,11,1980.0,2026-04-15 14:00:53
P004,35,1925.0,2026-04-15 14:00:53
P005,47,1316.0,2026-04-15 14:00:53
P006,31,1395.0,2026-04-15 14:00:53
P007,17,714.0,2026-04-15 14:00:53
P008,13,260.0,2026-04-15 14:00:53
P009,78,780.0,2026-04-15 14:00:53
P010,42,588.0,2026-04-15 14:00:53
P001,24,2880.0,2026-04-16 14:00:53
P002,12,1140.0,2026-04-16 14:00:53
P003,10,1800.0,2026-04-16 14:00:53
P004,32,1760.0,2026-04-16 14:00:53
P005,53,1484.0,2026-04-16 14:00:53
P006,29,1305.0,2026-04-16 14:00:53
P007,18,756.0,2026-04-16 14:00:53
P008,14,280.0,2026-04-16 14:00:53
P009,41,410.0,2026-04-16 14:00:53
P010,47,658.0,2026-04-16 14:00:53
P001,17,2040.0,2026-04-17 14:00:53
P002,15,1425.0,2026-04-17 14:00:53
P003,7,1260.0,2026-04-17 14:00:53
P004,20,1100.0,2026-04-17 14:00:53
P005,34,952.0,2026-04-17 14:00:53
P006,31,1395.0,2026-04-17 14:00:53
P007,20,840.0,2026-04-17 14:00:53
P008,14,280.0,2026-04-17 14:00:53
P009,59,590.0,2026-04-17 14:00:53
P010,49,686.0,2026-04-17 14:00:53
P001,20,2400.0,2026-04-18 14:00:53
P002,12,1140.0,2026-04-18 14:00:53
P003,10,1800.0,2026-04-18 14:00:53
P004,36,1980.0,2026-04-18 14:00:53
P005,31,868.0,2026-04-18 14:00:53
P006,38,1710.0,2026-04-18 14:00:53
P007,11,462.0,2026-04-18 14:00:53
P008,10,200.0,2026-04-18 14:00:53
P009,61,610.0,2026-04-18 14:00:53
P010,42,588.0,2026-04-18 14:00:53
P001,21,2520.0,2026-04-19 14:00:53
P002,16,1520.0,2026-04-19 14:00:53
P003,10,1800.0,2026-04-19 14:00:53
P004,23,1265.0,2026-04-19 14:00:53
P005,61,1708.0,2026-04-19 14:00:53
P006,22,990.0,2026-04-19 14:00:53
P007,24,1008.0,2026-04-19 14:00:53
P008,15,300.0,2026-04-19 14:00:53
P009,59,590.0,2026-04-19 14:00:53
P010,46,644.0,2026-04-19 14:00:53
P001,21,2520.0,2026-04-20 14:00:53
P002,15,1425.0,2026-04-20 14:00:53
P003,8,1440.0,2026-04-20 14:00:53
P004,20,1100.0,2026-04-20 14:00:53
P005,87,2436.0,2026-04-20 14:00:53
P006,24,1080.0,2026-04-20 14:00:53
P007,17,714.0,2026-04-20 14:00:53
P008,10,200.0,2026-04-20 14:00:53
P009,54,540.0,2026-04-20 14:00:53
P010,46,644.0,2026-04-20 14:00:53
P001,19,2280.0,2026-04-21 14:00:53
P002,12,1140.0,2026-04-21 14:00:53
P003,7,1260.0,2026-04-21 14:00:53
P004,28,1540.0,2026-04-21 14:00:53
P005,40,1120.0,2026-04-21 14:00:53
P006,28,1260.0,2026-04-21 14:00:53
P007,9,378.0,2026-04-21 14:00:53
P008,12,240.0,2026-04-21 14:00:53
P009,62,620.0,2026-04-21 14:00:53
P010,31,434.0,2026-04-21 14:00:53
P001,16,1920.0,2026-04-22 14:00:53
P002,13,1235.0,2026-04-22 14:00:53
P003,10,1800.0,2026-04-22 14:00:53
P004,19,1045.0,2026-04-22 14:00:53
P005,53,1484.0,2026-04-22 14:00:53
P006,27,1215.0,2026-04-22 14:00:53
P007,19,798.0,2026-04-22 14:00:53
P008,8,160.0,2026-04-22 14:00:53
P009,44,440.0,2026-04-22 14:00:53
P010,42,588.0,2026-04-22 14:00:53
P001,20,2400.0,2026-04-23 14:00:53
P002,19,1805.0,2026-04-23 14:00:53
P003,9,1620.0,2026-04-23 14:00:53
P004,32,1760.0,2026-04-23 14:00:53
P005,53,1484.0,2026-04-23 14:00:53
P006,25,1125.0,2026-04-23 14:00:53
P007,21,882.0,2026-04-23 14:00:53
P008,12,240.0,2026-04-23 14:00:53
P009,49,490.0,2026-04-23 14:00:53
P010,35,490.0,2026-04-23 14:00:53
P001,19,2280.0,2026-04-24 14:00:53
P002,21,1995.0,2026-04-24 14:00:53
P003,11,1980.0,2026-04-24 14:00:53
P004,16,880.0,2026-04-24 14:00:53
P005,44,1232.0,2026-04-24 14:00:53
P006,40,1800.0,2026-04-24 14:00:53
P007,26,1092.0,2026-04-24 14:00:53
P008,12,240.0,2026-04-24 14:00:53
P009,58,580.0,2026-04-24 14:00:53
P010,40,560.0,2026-04-24 14:00:53
P001,14,1680.0,2026-04-25 14:00:53
P002,14,1330.0,2026-04-25 14:00:53
P003,10,1800.0,2026-04-25 14:00:53
P004,29,1595.0,2026-04-25 14:00:53
P005,47,1316.0,2026-04-25 14:00:53
P006,39,1755.0,2026-04-25 14:00:53
P007,25,1050.0,2026-04-25 14:00:53
P008,13,260.0,2026-04-25 14:00:53
P009,69,690.0,2026-04-25 14:00:53
P010,53,742.0,2026-04-25 14:00:53
P001,22,2640.0,2026-04-26 14:00:53
P002,14,1330.0,2026-04-26 14:00:53
P003,12,2160.0,2026-04-26 14:00:53
P004,27,1485.0,2026-04-26 14:00:53
P005,31,868.0,2026-04-26 14:00:53
P006,36,1620.0,2026-04-26 14:00:53
P007,18,756.0,2026-04-26 14:00:53
P008,12,240.0,2026-04-26 14:00:53
P009,53,530.0,2026-04-26 14:00:53
P010,45,630.0,2026-04-26 14:00:53
P001,19,2280.0,2026-04-27 14:00:53
P002,14,1330.0,2026-04-27 14:00:53
P003,11,1980.0,2026-04-27 14:00:53
P004,23,1265.0,2026-04-27 14:00:53
P005,58,1624.0,2026-04-27 14:00:53
P006,30,1350.0,2026-04-27 14:00:53
P007,15,630.0,2026-04-27 14:00:53
P008,9,180.0,2026-04-27 14:00:53
P009,66,660.0,2026-04-27 14:00:53
P010,39,546.0,2026-04-27 14:00:53
P001,200,24000.0,2026-04-28 14:00:53
P002,14,1330.0,2026-04-28 14:00:53
P003,12,2160.0,2026-04-28 14:00:53
P004,23,1265.0,2026-04-28 14:00:53
P005,38,1064.0,2026-04-28 14:00:53
P006,32,1440.0,2026-04-28 14:00:53
P007,19,798.0,2026-04-28 14:00:53
P008,11,220.0,2026-04-28 14:00:53
P009,28,280.0,2026-04-28 14:00:53
P010,46,644.0,2026-04-28 14:00:53
P001,19,2280.0,2026-04-29 14:00:53
P002,9,855.0,2026-04-29 14:00:53
P003,8,1440.0,2026-04-29 14:00:53
P004,16,880.0,2026-04-29 14:00:53
P005,47,1316.0,2026-04-29 14:00:53
P006,44,1980.0,2026-04-29 14:00:53
P007,16,672.0,2026-04-29 14:00:53
P008,13,260.0,2026-04-29 14:00:53
P009,56,560.0,2026-04-29 14:00:53
P010,33,462.0,2026-04-29 14:00:53
P001,20,2400.0,2026-04-30 14:00:53
P002,20,1900.0,2026-04-30 14:00:53
P003,8,1440.0,2026-04-30 14:00:53
P004,34,1870.0,2026-04-30 14:00:53
P005,46,1288.0,2026-04-30 14:00:53
P006,32,1440.0,2026-04-30 14:00:53
P007,20,840.0,2026-04-30 14:00:53
P008,12,240.0,2026-04-30 14:00:53
P009,68,680.0,2026-04-30 14:00:53
P010,47,658.0,2026-04-30 14:00:53
P001,21,2520.0,2026-05-01 14:00:53
P002,10,950.0,2026-05-01 14:00:53
P003,6,1080.0,2026-05-01 14:00:53
P004,26,1430.0,2026-05-01 14:00:53
P005,58,1624.0,2026-05-01 14:00:53
P006,27,1215.0,2026-05-01 14:00:53
P007,17,714.0,2026-05-01 14:00:53
P008,8,160.0,2026-05-01 14:00:53
P009,70,700.0,2026-05-01 14:00:53
P010,39,546.0,2026-05-01 14:00:53
P001,18,2160.0,2026-05-02 14:00:53
P002,11,1045.0,2026-05-02 14:00:53
P003,10,1800.0,2026-05-02 14:00:53
P004,31,1705.0,2026-05-02 14:00:53
P005,32,896.0,2026-05-02 14:00:53
P006,24,1080.0,2026-05-02 14:00:53
P007,25,1050.0,2026-05-02 14:00:53
P008,13,260.0,2026-05-02 14:00:53
P009,60,600.0,2026-05-02 14:00:53
P010,45,630.0,2026-05-02 14:00:53
P001,17,2040.0,2026-05-03 14:00:53
P002,17,1615.0,2026-05-03 14:00:53
P003,11,1980.0,2026-05-03 14:00:53
P004,20,1100.0,2026-05-03 14:00:53
P005,51,1428.0,2026-05-03 14:00:53
P006,24,1080.0,2026-05-03 14:00:53
P007,18,756.0,2026-05-03 14:00:53
P008,13,260.0,2026-05-03 14:00:53
P009,53,530.0,2026-05-03 14:00:53
P010,40,560.0,2026-05-03 14:00:53
P001,19,2280.0,2026-05-04 14:00:53
P002,13,1235.0,2026-05-04 14:00:53
P003,12,2160.0,2026-05-04 14:00:53
P004,30,1650.0,2026-05-04 14:00:53
P005,48,1344.0,2026-05-04 14:00:53
P006,27,1215.0,2026-05-04 14:00:53
P007,30,1260.0,2026-05-04 14:00:53
P008,10,200.0,2026-05-04 14:00:53
P009,53,530.0,2026-05-04 14:00:53
P010,38,532.0,2026-05-04 14:00:53
P001,22,2640.0,2026-05-05 14:00:53
P002,20,1900.0,2026-05-05 14:00:53
P003,9,1620.0,2026-05-05 14:00:53
P004,29,1595.0,2026-05-05 14:00:53
P005,51,1428.0,2026-05-05 14:00:53
P006,19,855.0,2026-05-05 14:00:53
P007,22,924.0,2026-05-05 14:00:53
P008,11,220.0,2026-05-05 14:00:53
P009,71,710.0,2026-05-05 14:00:53
P010,43,602.0,2026-05-05 14:00:53
P001,13,1560.0,2026-05-06 14:00:53
P002,14,1330.0,2026-05-06 14:00:53
P003,12,2160.0,2026-05-06 14:00:53
P004,22,1210.0,2026-05-06 14:00:53
P005,61,1708.0,2026-05-06 14:00:53
P006,28,1260.0,2026-05-06 14:00:53
P007,22,924.0,2026-05-06 14:00:53
P008,10,200.0,2026-05-06 14:00:53
P009,42,420.0,2026-05-06 14:00:53
P010,42,588.0,2026-05-06 14:00:53
P001,17,2040.0,2026-05-07 14:00:53
P002,16,1520.0,2026-05-07 14:00:53
P003,3,540.0,2026-05-07 14:00:53
P004,22,1210.0,2026-05-07 14:00:53
P005,60,1680.0,2026-05-07 14:00:53
P006,25,1125.0,2026-05-07 14:00:53
P007,19,798.0,2026-05-07 14:00:53
P008,11,220.0,2026-05-07 14:00:53
P009,61,610.0,2026-05-07 14:00:53
P010,43,602.0,2026-05-07 14:00:53
P001,25,3000.0,2026-05-08 14:00:53
P002,12,1140.0,2026-05-08 14:00:53
P003,7,1260.0,2026-05-08 14:00:53
P004,22,1210.0,2026-05-08 14:00:53
P005,42,1176.0,2026-05-08 14:00:53
P006,34,1530.0,2026-05-08 14:00:53
P007,21,882.0,2026-05-08 14:00:53
P008,12,240.0,2026-05-08 14:00:53
P009,58,580.0,2026-05-08 14:00:53
P010,43,602.0,2026-05-08 14:00:53
P001,24,2880.0,2026-05-09 14:00:53
P002,14,1330.0,2026-05-09 14:00:53
P003,8,1440.0,2026-05-09 14:00:53
P004,22,1210.0,2026-05-09 14:00:53
P005,50,1400.0,2026-05-09 14:00:53
P006,24,1080.0,2026-05-09 14:00:53
P007,26,1092.0,2026-05-09 14:00:53
P008,13,260.0,2026-05-09 14:00:53
P009,50,500.0,2026-05-09 14:00:53
P010,46,644.0,2026-05-09 14:00:53
P001,17,2040.0,2026-05-10 14:00:53
P002,18,1710.0,2026-05-10 14:00:53
P003,9,1620.0,2026-05-10 14:00:53
P004,24,1320.0,2026-05-10 14:00:53
P005,31,868.0,2026-05-10 14:00:53
P006,35,1575.0,2026-05-10 14:00:53
P007,17,714.0,2026-05-10 14:00:53
P008,10,200.0,2026-05-10 14:00:53
P009,71,710.0,2026-05-10 14:00:53
P010,32,448.0,2026-05-10 14:00:53
P001,16,1920.0,2026-05-11 14:00:53
P002,13,1235.0,2026-05-11 14:00:53
P003,9,1620.0,2026-05-11 14:00:53
P004,22,1210.0,2026-05-11 14:00:53
P005,56,1568.0,2026-05-11 14:00:53
P006,42,1890.0,2026-05-11 14:00:53
P007,16,672.0,2026-05-11 14:00:53
P008,14,280.0,2026-05-11 14:00:53
P009,61,610.0,2026-05-11 14:00:53
P010,58,812.0,2026-05-11 14:00:53
P001,20,2400.0,2026-05-12 14:00:53
P002,11,1045.0,2026-05-12 14:00:53
P003,6,1080.0,2026-05-12 14:00:53
P004,25,1375.0,2026-05-12 14:00:53
P005,55,1540.0,2026-05-12 14:00:53
P006,32,1440.0,2026-05-12 14:00:53
P007,15,630.0,2026-05-12 14:00:53
P008,11,220.0,2026-05-12 14:00:53
P009,80,800.0,2026-05-12 14:00:53
P010,37,518.0,2026-05-12 14:00:53
P001,18,2160.0,2026-05-13 14:00:53
P002,15,1425.0,2026-05-13 14:00:53
P003,8,1440.0,2026-05-13 14:00:53
P004,16,880.0,2026-05-13 14:00:53
P005,46,1288.0,2026-05-13 14:00:53
P006,43,1935.0,2026-05-13 14:00:53
P007,21,882.0,2026-05-13 14:00:53
P008,12,240.0,2026-05-13 14:00:53
P009,51,510.0,2026-05-13 14:00:53
P010,47,658.0,2026-05-13 14:00:53
P001,20,2400.0,2026-05-14 14:00:53
P002,18,1710.0,2026-05-14 14:00:53
P003,5,900.0,2026-05-14 14:00:53
P004,16,880.0,2026-05-14 14:00:53
P005,49,1372.0,2026-05-14 14:00:53
P006,29,1305.0,2026-05-14 14:00:53
P007,20,840.0,2026-05-14 14:00:53
P008,14,280.0,2026-05-14 14:00:53
P009,60,600.0,2026-05-14 14:00:53
P010,47,658.0,2026-05-14 14:00:53
P001,21,2520.0,2026-05-15 14:00:53
P002,13,1235.0,2026-05-15 14:00:53
P003,9,1620.0,2026-05-15 14:00:53
P004,25,1375.0,2026-05-15 14:00:53
P005,27,756.0,2026-05-15 14:00:53
P006,29,1305.0,2026-05-15 14:00:53
P007,19,798.0,2026-05-15 14:00:53
P008,15,300.0,2026-05-15 14:00:53
P009,65,650.0,2026-05-15 14:00:53
P010,39,546.0,2026-05-15 14:00:53
P001,22,2640.0,2026-05-16 14:00:53
P002,18,1710.0,2026-05-16 14:00:53
P003,9,1620.0,2026-05-16 14:00:53
P004,26,1430.0,2026-05-16 14:00:53
P005,57,1596.0,2026-05-16 14:00:53
P006,25,1125.0,2026-05-16 14:00:53
P007,17,714.0,2026-05-16 14:00:53
P008,14,280.0,2026-05-16 14:00:53
P009,46,460.0,2026-05-16 14:00:53
P010,34,476.0,2026-05-16 14:00:53
P001,21,2520.0,2026-05-17 14:00:53
P002,18,1710.0,2026-05-17 14:00:53
P003,8,1440.0,2026-05-17 14:00:53
P004,20,1100.0,2026-05-17 14:00:53
P005,44,1232.0,2026-05-17 14:00:53
P006,28,1260.0,2026-05-17 14:00:53
P007,22,924.0,2026-05-17 14:00:53
P008,12,240.0,2026-05-17 14:00:53
P009,60,600.0,2026-05-17 14:00:53
P010,52,728.0,2026-05-17 14:00:53
P001,20,2400.0,2026-05-18 14:00:53
P002,14,1330.0,2026-05-18 14:00:53
P003,7,1260.0,2026-05-18 14:00:53
P004,22,1210.0,2026-05-18 14:00:53
P005,2,56.0,2026-05-18 14:00:53
P006,29,1305.0,2026-05-18 14:00:53
P007,20,840.0,2026-05-18 14:00:53
P008,13,260.0,2026-05-18 14:00:53
P009,77,770.0,2026-05-18 14:00:53
P010,42,588.0,2026-05-18 14:00:53
P001,10,1200.0,2026-05-19 14:00:53
P002,17,1615.0,2026-05-19 14:00:53
P003,7,1260.0,2026-05-19 14:00:53
P004,33,1815.0,2026-05-19 14:00:53
P005,52,1456.0,2026-05-19 14:00:53
P006,40,1800.0,2026-05-19 14:00:53
P007,27,1134.0,2026-05-19 14:00:53
P008,17,340.0,2026-05-19 14:00:53
P009,67,670.0,2026-05-19 14:00:53
P010,35,490.0,2026-05-19 14:00:53
P001,15,1800.0,2026-05-20 14:00:53
P002,14,1330.0,2026-05-20 14:00:53
P003,11,1980.0,2026-05-20 14:00:53
P004,24,1320.0,2026-05-20 14:00:53
P005,61,1708.0,2026-05-20 14:00:53
P006,33,1485.0,2026-05-20 14:00:53
P007,21,882.0,2026-05-20 14:00:53
P008,13,260.0,2026-05-20 14:00:53
P009,59,590.0,2026-05-20 14:00:53
P010,41,574.0,2026-05-20 14:00:53
P001,23,2760.0,2026-05-21 14:00:53
P002,12,1140.0,2026-05-21 14:00:53
P003,14,2520.0,2026-05-21 14:00:53
P004,30,1650.0,2026-05-21 14:00:53
P005,53,1484.0,2026-05-21 14:00:53
P006,22,990.0,2026-05-21 14:00:53
P007,17,714.0,2026-05-21 14:00:53
P008,10,200.0,2026-05-21 14:00:53
P009,52,520.0,2026-05-21 14:00:53
P010,31,434.0,2026-05-21 14:00:53
P001,21,2520.0,2026-05-22 14:00:53
P002,13,1235.0,2026-05-22 14:00:53
P003,7,1260.0,2026-05-22 14:00:53
P004,30,1650.0,2026-05-22 14:00:53
P005,59,1652.0,2026-05-22 14:00:53
P006,30,1350.0,2026-05-22 14:00:53
P007,17,714.0,2026-05-22 14:00:53
P008,12,240.0,2026-05-22 14:00:53
P009,79,790.0,2026-05-22 14:00:53
P010,32,448.0,2026-05-22 14:00:53
P001,20,2400.0,2026-05-23 14:00:53
P002,12,1140.0,2026-05-23 14:00:53
P003,7,1260.0,2026-05-23 14:00:53
P004,22,1210.0,2026-05-23 14:00:53
P005,70,1960.0,2026-05-23 14:00:53
P006,27,1215.0,2026-05-23 14:00:53
P007,20,840.0,2026-05-23 14:00:53
P008,9,180.0,2026-05-23 14:00:53
P009,59,590.0,2026-05-23 14:00:53
P010,39,546.0,2026-05-23 14:00:53
P001,17,2040.0,2026-05-24 14:00:53
P002,20,1900.0,2026-05-24 14:00:53
P003,9,1620.0,2026-05-24 14:00:53
P004,33,1815.0,2026-05-24 14:00:53
P005,55,1540.0,2026-05-24 14:00:53
P006,29,1305.0,2026-05-24 14:00:53
P007,19,798.0,2026-05-24 14:00:53
P008,10,200.0,2026-05-24 14:00:53
P009,72,720.0,2026-05-24 14:00:53
P010,48,672.0,2026-05-24 14:00:53
P001,10,1200.0,2026-05-25 14:00:53
P002,17,1615.0,2026-05-25 14:00:53
P003,9,1620.0,2026-05-25 14:00:53
P004,32,1760.0,2026-05-25 14:00:53
P005,55,1540.0,2026-05-25 14:00:53
P006,31,1395.0,2026-05-25 14:00:53
P007,15,630.0,2026-05-25 14:00:53
P008,8,160.0,2026-05-25 14:00:53
P009,47,470.0,2026-05-25 14:00:53
P010,26,364.0,2026-05-25 14:00:53
P001,11,1320.0,2026-05-26 14:00:53
P002,16,1520.0,2026-05-26 14:00:53
P003,15,2700.0,2026-05-26 14:00:53
P004,21,1155.0,2026-05-26 14:00:53
P005,45,1260.0,2026-05-26 14:00:53
P006,34,1530.0,2026-05-26 14:00:53
P007,24,1008.0,2026-05-26 14:00:53
P008,13,260.0,2026-05-26 14:00:53
P009,78,780.0,2026-05-26 14:00:53
P010,46,644.0,2026-05-26 14:00:53
P001,18,2160.0,2026-05-27 14:00:53
P002,21,1995.0,2026-05-27 14:00:53
P003,10,1800.0,2026-05-27 14:00:53
P004,25,1375.0,2026-05-27 14:00:53
P005,56,1568.0,2026-05-27 14:00:53
P006,38,1710.0,2026-05-27 14:00:53
P007,22,924.0,2026-05-27 14:00:53
P008,10,200.0,2026-05-27 14:00:53
P009,58,580.0,2026-05-27 14:00:53
P010,38,532.0,2026-05-27 14:00:53
P001,21,2520.0,2026-05-28 14:00:53
P002,11,1045.0,2026-05-28 14:00:53
P003,11,1980.0,2026-05-28 14:00:53
P004,25,1375.0,2026-05-28 14:00:53
P005,51,1428.0,2026-05-28 14:00:53
P006,21,945.0,2026-05-28 14:00:53
P007,20,840.0,2026-05-28 14:00:53
P008,10,200.0,2026-05-28 14:00:53
P009,51,510.0,2026-05-28 14:00:53
P010,47,658.0,2026-05-28 14:00:53
P001,20,2400.0,2026-05-29 14:00:53
P002,16,1520.0,2026-05-29 14:00:53
P003,8,1440.0,2026-05-29 14:00:53
P004,27,1485.0,2026-05-29 14:00:53
P005,35,980.0,2026-05-29 14:00:53
P006,29,1305.0,2026-05-29 14:00:53
P007,23,966.0,2026-05-29 14:00:53
P008,13,260.0,2026-05-29 14:00:53
P009,65,650.0,2026-05-29 14:00:53
P010,50,700.0,2026-05-29 14:00:53
P001,17,2040.0,2026-05-30 14:00:53
P002,12,1140.0,2026-05-30 14:00:53
P003,6,1080.0,2026-05-30 14:00:53
P004,25,1375.0,2026-05-30 14:00:53
P005,66,1848.0,2026-05-30 14:00:53
P006,40,1800.0,2026-05-30 14:00:53
P007,19,798.0,2026-05-30 14:00:53
P008,9,180.0,2026-05-30 14:00:53
P009,44,440.0,2026-05-30 14:00:53
P010,39,546.0,2026-05-30 14:00:53
P001,19,2280.0,2026-05-31 14:00:53
P002,12,1140.0,2026-05-31 14:00:53
P003,14,2520.0,2026-05-31 14:00:53
P004,22,1210.0,2026-05-31 14:00:53
P005,49,1372.0,2026-05-31 14:00:53
P006,38,1710.0,2026-05-31 14:00:53
P007,18,756.0,2026-05-31 14:00:53
P008,12,240.0,2026-05-31 14:00:53
P009,53,530.0,2026-05-31 14:00:53
P010,24,336.0,2026-05-31 14:00:53
P001,26,3120.0,2026-06-01 14:00:53
P002,15,1425.0,2026-06-01 14:00:53
P003,12,2160.0,2026-06-01 14:00:53
P004,30,1650.0,2026-06-01 14:00:53
P005,53,1484.0,2026-06-01 14:00:53
P006,21,945.0,2026-06-01 14:00:53
P007,30,1260.0,2026-06-01 14:00:53
P008,13,260.0,2026-06-01 14:00:53
P009,78,780.0,2026-06-01 14:00:53
P010,40,560.0,2026-06-01 14:00:53
P001,22,2640.0,2026-06-02 14:00:53
P002,12,1140.0,2026-06-02 14:00:53
P003,9,1620.0,2026-06-02 14:00:53
P004,23,1265.0,2026-06-02 14:00:53
P005,18,504.0,2026-06-02 14:00:53
P006,33,1485.0,2026-06-02 14:00:53
P007,23,966.0,2026-06-02 14:00:53
P008,10,200.0,2026-06-02 14:00:53
P009,66,660.0,2026-06-02 14:00:53
P010,31,434.0,2026-06-02 14:00:53
P001,22,2640.0,2026-06-03 14:00:53
P002,18,1710.0,2026-06-03 14:00:53
P003,9,1620.0,2026-06-03 14:00:53
P004,20,1100.0,2026-06-03 14:00:53
P005,38,1064.0,2026-06-03 14:00:53
P006,23,1035.0,2026-06-03 14:00:53
P007,25,1050.0,2026-06-03 14:00:53
P008,9,180.0,2026-06-03 14:00:53
P009,88,880.0,2026-06-03 14:00:53
P010,50,700.0,2026-06-03 14:00:53
P001,15,1800.0,2026-06-04 14:00:53
P002,9,855.0,2026-06-04 14:00:53
P003,9,1620.0,2026-06-04 14:00:53
P004,26,1430.0,2026-06-04 14:00:53
P005,37,1036.0,2026-06-04 14:00:53
P006,22,990.0,2026-06-04 14:00:53
P007,21,882.0,2026-06-04 14:00:53
P008,14,280.0,2026-06-04 14:00:53
P009,79,790.0,2026-06-04 14:00:53
P010,39,546.0,2026-06-04 14:00:53
P001,24,2880.0,2026-06-05 14:00:53
P002,19,1805.0,2026-06-05 14:00:53
P003,12,2160.0,2026-06-05 14:00:53
P004,29,1595.0,2026-06-05 14:00:53
P005,58,1624.0,2026-06-05 14:00:53
P006,36,1620.0,2026-06-05 14:00:53
P007,14,588.0,2026-06-05 14:00:53
P008,14,280.0,2026-06-05 14:00:53
P009,62,620.0,2026-06-05 14:00:53
P010,44,616.0,2026-06-05 14:00:53
P001,18,2160.0,2026-06-06 14:00:53
P002,13,1235.0,2026-06-06 14:00:53
P003,8,1440.0,2026-06-06 14:00:53
P004,24,1320.0,2026-06-06 14:00:53
P005,63,1764.0,2026-06-06 14:00:53
P006,36,1620.0,2026-06-06 14:00:53
P007,18,756.0,2026-06-06 14:00:53
P008,14,280.0,2026-06-06 14:00:53
P009,75,750.0,2026-06-06 14:00:53
P010,36,504.0,2026-06-06 14:00:53
P001,22,2640.0,2026-06-07 14:00:53
P002,17,1615.0,2026-06-07 14:00:53
P003,7,1260.0,2026-06-07 14:00:53
P004,28,1540.0,2026-06-07 14:00:53
P005,55,1540.0,2026-06-07 14:00:53
P006,27,1215.0,2026-06-07 14:00:53
P007,160,6720.0,2026-06-07 14:00:53
P008,14,280.0,2026-06-07 14:00:53
P009,73,730.0,2026-06-07 14:00:53
P010,48,672.0,2026-06-07 14:00:53
P001,10,1200.0,2026-06-08 14:00:53
P002,16,1520.0,2026-06-08 14:00:53
P003,10,1800.0,2026-06-08 14:00:53
P004,23,1265.0,2026-06-08 14:00:53
P005,42,1176.0,2026-06-08 14:00:53
P006,26,1170.0,2026-06-08 14:00:53
P007,23,966.0,2026-06-08 14:00:53
P008,11,220.0,2026-06-08 14:00:53
P009,66,660.0,2026-06-08 14:00:53
P010,45,630.0,2026-06-08 14:00:53
P001,17,2040.0,2026-06-09 14:00:53
P002,12,1140.0,2026-06-09 14:00:53
P003,8,1440.0,2026-06-09 14:00:53
P004,31,1705.0,2026-06-09 14:00:53
P005,35,980.0,2026-06-09 14:00:53
P006,29,1305.0,2026-06-09 14:00:53
P007,16,672.0,2026-06-09 14:00:53
P008,14,280.0,2026-06-09 14:00:53
P009,42,420.0,2026-06-09 14:00:53
P010,30,420.0,2026-06-09 14:00:53
P001,19,2280.0,2026-06-10 14:00:53
P002,13,1235.0,2026-06-10 14:00:53
P003,9,1620.0,2026-06-10 14:00:53
P004,19,1045.0,2026-06-10 14:00:53
P005,50,1400.0,2026-06-10 14:00:53
P006,22,990.0,2026-06-10 14:00:53
P007,28,1176.0,2026-06-10 14:00:53
P008,16,320.0,2026-06-10 14:00:53
P009,50,500.0,2026-06-10 14:00:53
P010,29,406.0,2026-06-10 14:00:53
P001,10,1200.0,2026-06-11 14:00:53
P002,18,1710.0,2026-06-11 14:00:53
P003,6,1080.0,2026-06-11 14:00:53
P004,30,1650.0,2026-06-11 14:00:53
P005,45,1260.0,2026-06-11 14:00:53
P006,33,1485.0,2026-06-11 14:00:53
P007,16,672.0,2026-06-11 14:00:53
P008,11,220.0,2026-06-11 14:00:53
P009,45,450.0,2026-06-11 14:00:53
P010,41,574.0,2026-06-11 14:00:53
P001,21,2520.0,2026-06-12 14:00:53
P002,19,1805.0,2026-06-12 14:00:53
P003,11,1980.0,2026-06-12 14:00:53
P004,25,1375.0,2026-06-12 14:00:53
P005,51,1428.0,2026-06-12 14:00:53
P006,33,1485.0,2026-06-12 14:00:53
P007,18,756.0,2026-06-12 14:00:53
P008,12,240.0,2026-06-12 14:00:53
P009,68,680.0,2026-06-12 14:00:53
P010,44,616.0,2026-06-12 14:00:53
P001,22,2640.0,2026-06-13 14:00:53
P002,16,1520.0,2026-06-13 14:00:53
P003,11,1980.0,2026-06-13 14:00:53
P004,31,1705.0,2026-06-13 14:00:53
P005,54,1512.0,2026-06-13 14:00:53
P006,31,1395.0,2026-06-13 14:00:53
P007,22,924.0,2026-06-13 14:00:53
P008,11,220.0,2026-06-13 14:00:53
P009,80,800.0,2026-06-13 14:00:53
P010,39,546.0,2026-06-13 14:00:53
P001,16,1920.0,2026-06-14 14:00:53
P002,11,1045.0,2026-06-14 14:00:53
P003,8,1440.0,2026-06-14 14:00:53
P004,26,1430.0,2026-06-14 14:00:53
P005,48,1344.0,2026-06-14 14:00:53
P006,25,1125.0,2026-06-14 14:00:53
P007,21,882.0,2026-06-14 14:00:53
P008,12,240.0,2026-06-14 14:00:53
P009,42,420.0,2026-06-14 14:00:53
P010,50,700.0,2026-06-14 14:00:53
P001,24,2880.0,2026-06-15 14:00:53
P002,15,1425.0,2026-06-15 14:00:53
P003,11,1980.0,2026-06-15 14:00:53
P004,15,825.0,2026-06-15 14:00:53
P005,53,1484.0,2026-06-15 14:00:53
P006,28,1260.0,2026-06-15 14:00:53
P007,20,840.0,2026-06-15 14:00:53
P008,11,220.0,2026-06-15 14:00:53
P009,49,490.0,2026-06-15 14:00:53
P010,34,476.0,2026-06-15 14:00:53
P001,12,1440.0,2026-06-16 14:00:53
P002,19,1805.0,2026-06-16 14:00:53
P003,6,1080.0,2026-06-16 14:00:53
P004,19,1045.0,2026-06-16 14:00:53
P005,79,2212.0,2026-06-16 14:00:53
P006,21,945.0,2026-06-16 14:00:53
P007,20,840.0,2026-06-16 14:00:53
P008,13,260.0,2026-06-16 14:00:53
P009,51,510.0,2026-06-16 14:00:53
P010,36,504.0,2026-06-16 14:00:53
P001,19,2280.0,2026-06-17 14:00:53
P002,14,1330.0,2026-06-17 14:00:53
P003,10,1800.0,2026-06-17 14:00:53
P004,21,1155.0,2026-06-17 14:00:53
P005,36,1008.0,2026-06-17 14:00:53
P006,39,1755.0,2026-06-17 14:00:53
P007,21,882.0,2026-06-17 14:00:53
P008,17,340.0,2026-06-17 14:00:53
P009,64,640.0,2026-06-17 14:00:53
P010,1,14.0,2026-06-17 14:00:53
P001,23,2760.0,2026-06-18 14:00:53
P002,12,1140.0,2026-06-18 14:00:53
P003,10,1800.0,2026-06-18 14:00:53
P004,23,1265.0,2026-06-18 14:00:53
P005,66,1848.0,2026-06-18 14:00:53
P006,41,1845.0,2026-06-18 14:00:53
P007,25,1050.0,2026-06-18 14:00:53
P008,14,280.0,2026-06-18 14:00:53
P009,54,540.0,2026-06-18 14:00:53
P010,38,532.0,2026-06-18 14:00:53
P001,10,1200.0,2026-06-19 14:00:53
P002,12,1140.0,2026-06-19 14:00:53
P003,9,1620.0,2026-06-19 14:00:53
P004,26,1430.0,2026-06-19 14:00:53
P005,52,1456.0,2026-06-19 14:00:53
P006,29,1305.0,2026-06-19 14:00:53
P007,17,714.0,2026-06-19 14:00:53
P008,11,220.0,2026-06-19 14:00:53
P009,75,750.0,2026-06-19 14:00:53
P010,32,448.0,2026-06-19 14:00:53
P001,20,2400.0,2026-06-20 14:00:53
P002,12,1140.0,2026-06-20 14:00:53
P003,7,1260.0,2026-06-20 14:00:53
P004,22,1210.0,2026-06-20 14:00:53
P005,46,1288.0,2026-06-20 14:00:53
P006,36,1620.0,2026-06-20 14:00:53
P007,12,504.0,2026-06-20 14:00:53
P008,15,300.0,2026-06-20 14:00:53
P009,70,700.0,2026-06-20 14:00:53
P010,27,378.0,2026-06-20 14:00:53
P001,17,2040.0,2026-06-21 14:00:53
P002,11,1045.0,2026-06-21 14:00:53
P003,11,1980.0,2026-06-21 14:00:53
P004,19,1045.0,2026-06-21 14:00:53
P005,34,952.0,2026-06-21 14:00:53
P006,34,1530.0,2026-06-21 14:00:53
P007,22,924.0,2026-06-21 14:00:53
P008,13,260.0,2026-06-21 14:00:53
P009,33,330.0,2026-06-21 14:00:53
P010,35,490.0,2026-06-21 14:00:53
P001,23,2760.0,2026-06-22 14:00:53
P002,14,1330.0,2026-06-22 14:00:53
P003,8,1440.0,2026-06-22 14:00:53
P004,24,1320.0,2026-06-22 14:00:53
P005,44,1232.0,2026-06-22 14:00:53
P006,39,1755.0,2026-06-22 14:00:53
P007,17,714.0,2026-06-22 14:00:53
P008,13,260.0,2026-06-22 14:00:53
P009,69,690.0,2026-06-22 14:00:53
P010,53,742.0,2026-06-22 14:00:53
P001,24,2880.0,2026-06-23 14:00:53
P002,16,1520.0,2026-06-23 14:00:53
P003,8,1440.0,2026-06-23 14:00:53
P004,23,1265.0,2026-06-23 14:00:53
P005,41,1148.0,2026-06-23 14:00:53
P006,30,1350.0,2026-06-23 14:00:53
P007,18,756.0,2026-06-23 14:00:53
P008,13,260.0,2026-06-23 14:00:53
P009,58,580.0,2026-06-23 14:00:53
P010,51,714.0,2026-06-23 14:00:53
P001,26,3120.0,2026-06-24 14:00:53
P002,19,1805.0,2026-06-24 14:00:53
P003,10,1800.0,2026-06-24 14:00:53
P004,23,1265.0,2026-06-24 14:00:53
P005,62,1736.0,2026-06-24 14:00:53
P006,33,1485.0,2026-06-24 14:00:53
P007,19,798.0,2026-06-24 14:00:53
P008,12,240.0,2026-06-24 14:00:53
P009,60,600.0,2026-06-24 14:00:53
P010,31,434.0,2026-06-24 14:00:53
P001,27,3240.0,2026-06-25 14:00:53
P002,18,1710.0,2026-06-25 14:00:53
P003,9,1620.0,2026-06-25 14:00:53
P004,28,1540.0,2026-06-25 14:00:53
P005,67,1876.0,2026-06-25 14:00:53
P006,24,1080.0,2026-06-25 14:00:53
P007,24,1008.0,2026-06-25 14:00:53
P008,14,280.0,2026-06-25 14:00:53
P009,43,430.0,2026-06-25 14:00:53
P010,31,434.0,2026-06-25 14:00:53
P001,22,2640.0,2026-06-26 14:00:53
P002,7,665.0,2026-06-26 14:00:53
P003,7,1260.0,2026-06-26 14:00:53
P004,25,1375.0,2026-06-26 14:00:53
P005,48,1344.0,2026-06-26 14:00:53
P006,32,1440.0,2026-06-26 14:00:53
P007,14,588.0,2026-06-26 14:00:53
P008,17,340.0,2026-06-26 14:00:53
P009,90,900.0,2026-06-26 14:00:53
P010,45,630.0,2026-06-26 14:00:53
